macModule,rssi,hourMinute
A8032A311FAA,-67,8h37
A8032A311FAA,-66,8h37
C45BBE39F9AE,-64,8h37
A8032A31204E,-69,8h38
C45BBE37B346,-79,8h38
A8032A31204E,-67,8h38
C45BBE386952,-79,8h38
C45BBE386952,-78,8h38
C45BBE39F56A,-66,8h38
C45BBE37B346,-60,8h38
C45BBE384CD2,-76,8h38
C45BBE39F56A,-69,8h38
C45BBE37B346,-78,8h38
C45BBE386952,-57,8h38
C45BBE386952,-62,8h38
C45BBE39F56A,-73,8h38
C45BBE37B346,-74,8h38
C45BBE37B346,-75,8h38
C45BBE386952,-63,8h38
C45BBE39F56A,-69,8h38
C45BBE386952,-63,8h39
C45BBE39F56A,-72,8h39
C45BBE37B346,-80,8h39
C45BBE37B346,-79,8h39
C45BBE386952,-70,8h39
C45BBE39F56A,-66,8h39
C45BBE37B346,-76,8h39
C45BBE386952,-68,8h39
C45BBE39F56A,-76,8h39
C45BBE39F56A,-75,8h39
C45BBE386952,-79,8h39
C45BBE386952,-75,8h39
C45BBE37B346,-78,8h39
C45BBE39F56A,-80,8h39
C45BBE37B346,-79,8h39
C45BBE386952,-78,8h39
C45BBE39F56A,-70,8h39
C45BBE37B346,-78,8h40
C45BBE386952,-69,8h40
C45BBE39F56A,-63,8h40
C45BBE37B346,-76,8h40
C45BBE386952,-65,8h40
C45BBE39F56A,-79,8h40
C45BBE39F56A,-63,8h40
C45BBE37B346,-74,8h40
C45BBE386952,-61,8h40
C45BBE39F56A,-65,8h40
C45BBE37B346,-79,8h40
C45BBE386952,-68,8h40
C45BBE37B346,-73,8h40
C45BBE386952,-61,8h40
C45BBE39F56A,-64,8h40
C45BBE39F56A,-62,8h40
C45BBE386952,-61,8h40
C45BBE37B346,-73,8h40
C45BBE386952,-61,8h41
C45BBE37B346,-72,8h41
C45BBE39F56A,-62,8h41
C45BBE386952,-69,8h41
C45BBE37B346,-72,8h41
C45BBE39F56A,-62,8h41
C45BBE37B346,-72,8h41
C45BBE39F56A,-62,8h41
C45BBE386952,-62,8h41
C45BBE386952,-62,8h41
C45BBE37B346,-73,8h41
C45BBE39F56A,-64,8h41
C45BBE37B346,-73,8h41
C45BBE39F56A,-64,8h41
C45BBE386952,-62,8h41
C45BBE386952,-62,8h41
C45BBE39F56A,-65,8h41
C45BBE37B346,-73,8h41
C45BBE37B346,-73,8h41
C45BBE39F56A,-63,8h42
C45BBE386952,-62,8h42
C45BBE386952,-63,8h42
C45BBE39F56A,-62,8h42
C45BBE37B346,-73,8h42
C45BBE386952,-63,8h42
C45BBE39F56A,-63,8h42
C45BBE37B346,-72,8h42
C45BBE39F56A,-62,8h42
C45BBE37B346,-73,8h42
C45BBE386952,-64,8h42
C45BBE37B346,-73,8h42
C45BBE39F56A,-62,8h42
C45BBE386952,-64,8h42
C45BBE386952,-63,8h42
C45BBE37B346,-74,8h42
C45BBE39F56A,-63,8h42
C45BBE386952,-62,8h43
C45BBE37B346,-75,8h43
C45BBE39F56A,-74,8h43
C45BBE37B346,-74,8h43
C45BBE39F56A,-75,8h43
C45BBE386952,-61,8h43
C45BBE386952,-61,8h43
C45BBE39F56A,-76,8h43
C45BBE37B346,-75,8h43
C45BBE386952,-61,8h43
C45BBE39F56A,-79,8h43
C45BBE37B346,-75,8h43
C45BBE386952,-62,8h43
C45BBE39F56A,-76,8h43
C45BBE37B346,-74,8h43
C45BBE39F56A,-77,8h43
C45BBE37B346,-75,8h43
C45BBE386952,-62,8h43
C45BBE37B346,-79,8h44
C45BBE386952,-62,8h44
C45BBE39F56A,-77,8h44
C45BBE384CD2,-77,8h44
C45BBE37B346,-74,8h44
C45BBE386952,-57,8h44
C45BBE39F56A,-66,8h44
C45BBE384CD2,-80,8h44
C45BBE386952,-65,8h44
C45BBE39F56A,-66,8h44
C45BBE39F56A,-59,8h44
C45BBE386952,-70,8h44
C45BBE384CD2,-80,8h44
C45BBE37B346,-75,8h44
C45BBE39F56A,-68,8h44
C45BBE386952,-65,8h44
C45BBE37B346,-80,8h44
C45BBE39F56A,-62,8h44
C45BBE386952,-63,8h44
C45BBE384CD2,-79,8h45
C45BBE39F56A,-69,8h45
C45BBE386952,-65,8h45
C45BBE37B346,-80,8h45
C45BBE39F56A,-70,8h45
C45BBE386952,-68,8h45
C45BBE386362,-74,8h45
C45BBE39F56A,-70,8h45
C45BBE386952,-69,8h45
C45BBE384CD2,-80,8h45
C45BBE39F56A,-70,8h45
C45BBE386362,-77,8h45
C45BBE386952,-61,8h45
C45BBE384CD2,-77,8h45
C45BBE37B346,-80,8h45
C45BBE39F56A,-70,8h45
C45BBE386362,-74,8h45
C45BBE386952,-63,8h45
C45BBE37B346,-77,8h45
C45BBE386952,-62,8h45
C45BBE386362,-76,8h45
C45BBE39F56A,-71,8h45
C45BBE384CD2,-80,8h45
C45BBE39F56A,-69,8h46
C45BBE386362,-76,8h46
C45BBE386952,-76,8h46
C45BBE384CD2,-80,8h46
C45BBE386362,-80,8h46
C45BBE386952,-67,8h46
C45BBE39F56A,-72,8h46
C45BBE386952,-80,8h46
C45BBE37B346,-78,8h46
C45BBE386362,-77,8h46
C45BBE39F56A,-70,8h46
C45BBE384CD2,-80,8h46
C45BBE386952,-58,8h46
C45BBE37B346,-79,8h46
C45BBE39F56A,-62,8h46
C45BBE37B346,-72,8h46
C45BBE39F56A,-63,8h46
C45BBE386952,-57,8h46
C45BBE386362,-79,8h46
C45BBE37B346,-77,8h46
C45BBE384CD2,-78,8h46
C45BBE39F56A,-64,8h46
C45BBE386952,-60,8h46
C45BBE384CD2,-79,8h46
C45BBE39F56A,-66,8h47
C45BBE386952,-55,8h47
C45BBE37B346,-78,8h47
C45BBE37B346,-77,8h47
C45BBE39F56A,-67,8h47
C45BBE386952,-55,8h47
C45BBE39F56A,-61,8h47
C45BBE384CD2,-79,8h47
C45BBE386952,-59,8h47
C45BBE37B346,-77,8h47
C45BBE384CD2,-77,8h47
C45BBE386952,-62,8h47
C45BBE37B346,-74,8h47
C45BBE39F56A,-66,8h47
C45BBE384CD2,-79,8h47
C45BBE386952,-58,8h47
C45BBE37B346,-79,8h47
C45BBE39F56A,-63,8h47
C45BBE39F56A,-58,8h47
C45BBE386952,-55,8h47
C45BBE37B346,-76,8h47
C45BBE384CD2,-80,8h47
C45BBE384CD2,-80,8h47
C45BBE39F56A,-59,8h48
C45BBE386952,-68,8h48
C45BBE37B346,-78,8h48
C45BBE384CD2,-80,8h48
C45BBE386952,-54,8h48
C45BBE39F56A,-61,8h48
C45BBE37B346,-77,8h48
C45BBE37B346,-80,8h48
C45BBE386952,-60,8h48
C45BBE39F56A,-63,8h48
C45BBE37B346,-80,8h48
C45BBE386952,-68,8h48
C45BBE39F56A,-63,8h48
C45BBE386952,-69,8h48
C45BBE39F56A,-63,8h48
C45BBE386952,-66,8h48
C45BBE39F56A,-65,8h48
C45BBE386952,-61,8h49
C45BBE39F56A,-64,8h49
C45BBE386952,-65,8h49
C45BBE386362,-76,8h49
C45BBE37B346,-79,8h49
C45BBE39F56A,-69,8h49
C45BBE384CD2,-74,8h49
C45BBE386952,-79,8h49
C45BBE39F56A,-71,8h49
C45BBE386952,-76,8h49
C45BBE39F56A,-78,8h49
C45BBE37B346,-79,8h49
C45BBE39F56A,-78,8h49
C45BBE386952,-75,8h49
C45BBE39F56A,-77,8h49
C45BBE386952,-67,8h49
C45BBE386362,-79,8h49
C45BBE386362,-80,8h49
C45BBE39F56A,-77,8h49
C45BBE386952,-66,8h50
C45BBE384CD2,-80,8h50
C45BBE386952,-78,8h50
C45BBE39F56A,-78,8h50
C45BBE386952,-66,8h50
C45BBE384CD2,-79,8h50
C45BBE39F56A,-75,8h50
C45BBE39F56A,-74,8h50
C45BBE384CD2,-80,8h50
C45BBE386362,-80,8h50
C45BBE386952,-76,8h50
C45BBE386362,-79,8h50
C45BBE37B346,-80,8h50
C45BBE386952,-74,8h50
C45BBE386952,-68,8h50
C45BBE39F56A,-75,8h50
C45BBE384CD2,-79,8h50
C45BBE39F56A,-78,8h50
C45BBE386952,-69,8h51
C45BBE386362,-80,8h51
C45BBE386952,-78,8h51
C45BBE39F56A,-76,8h51
C45BBE386952,-80,8h51
C45BBE39F56A,-76,8h51
C45BBE39F56A,-78,8h51
C45BBE386952,-79,8h51
C45BBE39F56A,-77,8h51
C45BBE386952,-78,8h51
C45BBE39F56A,-76,8h51
C45BBE39F56A,-75,8h52
C45BBE386952,-80,8h52
C45BBE386952,-79,8h52
C45BBE39F56A,-78,8h52
C45BBE386952,-79,8h52
C45BBE39F56A,-76,8h52
C45BBE39F56A,-74,8h52
C45BBE386952,-75,8h52
C45BBE39F56A,-76,8h52
C45BBE386952,-76,8h52
C45BBE39F56A,-80,8h52
C45BBE39F56A,-78,8h52
C45BBE386952,-73,8h53
C45BBE39F56A,-77,8h53
C45BBE386952,-74,8h53
C45BBE39F56A,-78,8h53
C45BBE386952,-76,8h53
C45BBE39F56A,-79,8h53
C45BBE386952,-78,8h53
C45BBE386952,-80,8h54
C45BBE37B346,-79,8h54
C45BBE386952,-76,8h54
C45BBE386362,-76,8h54
C45BBE39F56A,-76,8h54
C45BBE384CD2,-79,8h54
C45BBE384CD2,-80,8h54
C45BBE386952,-80,8h54
C45BBE39F56A,-80,8h54
C45BBE39F56A,-77,8h54
C45BBE386952,-78,8h54
C45BBE386952,-78,8h54
C45BBE39F56A,-79,8h55
C45BBE384CD2,-79,8h55
C45BBE39F56A,-80,8h55
C45BBE384CD2,-80,8h55
C45BBE386952,-77,8h55
C45BBE39F56A,-78,8h55
C45BBE386952,-79,8h55
C45BBE39F56A,-78,8h55
C45BBE39F56A,-80,8h55
C45BBE386952,-78,8h55
C45BBE39F56A,-77,8h55
C45BBE386952,-80,8h56
C45BBE39F56A,-76,8h56
C45BBE386952,-77,8h56
C45BBE39F56A,-80,8h56
C45BBE386952,-78,8h56
C45BBE39F56A,-78,8h56
C45BBE39F56A,-77,8h56
C45BBE386952,-80,8h56
C45BBE39F56A,-77,8h56
C45BBE386952,-78,8h56
C45BBE386952,-79,8h57
C45BBE39F56A,-78,8h57
C45BBE39F56A,-65,8h57
C45BBE386952,-79,8h57
C45BBE39F56A,-79,8h57
C45BBE39F56A,-80,8h57
C45BBE384CD2,-78,8h57
C45BBE386952,-78,8h57
C45BBE386952,-73,8h57
C45BBE39F56A,-79,8h57
C45BBE39F56A,-78,8h57
C45BBE386952,-78,8h57
C45BBE386952,-76,8h57
C45BBE39F56A,-78,8h58
C45BBE384CD2,-80,8h58
C45BBE39F56A,-78,8h58
C45BBE386952,-79,8h58
C45BBE39F56A,-79,8h58
C45BBE386952,-78,8h58
C45BBE39F56A,-80,8h58
C45BBE386952,-76,8h58
C45BBE384CD2,-79,8h58
C45BBE386952,-77,8h58
C45BBE384CD2,-77,8h58
C45BBE384CD2,-77,8h58
C45BBE386952,-77,8h58
C45BBE39F56A,-79,8h58
C45BBE386952,-75,8h59
C45BBE386952,-76,8h59
C45BBE386362,-75,8h59
C45BBE39F56A,-72,8h59
C45BBE384CD2,-71,8h59
C45BBE386362,-75,8h59
C45BBE386952,-75,8h59
C45BBE384CD2,-78,8h59
C45BBE39F56A,-79,8h59
C45BBE386952,-80,8h59
C45BBE384CD2,-79,8h59
C45BBE386362,-78,8h59
C45BBE386362,-79,8h59
C45BBE386952,-80,8h59
C45BBE384CD2,-80,9h0
C45BBE384CD2,-80,9h0
C45BBE386952,-80,9h0
C45BBE386952,-80,9h0
C45BBE39F56A,-80,9h0
C45BBE384CD2,-79,9h0
C45BBE384CD2,-79,9h0
C45BBE386362,-76,9h0
C45BBE384CD2,-78,9h0
C45BBE386952,-80,9h0
C45BBE39F56A,-80,9h1
C45BBE39F56A,-80,9h1
C45BBE384CD2,-80,9h1
C45BBE384CD2,-80,9h1
C45BBE384CD2,-80,9h1
C45BBE384CD2,-80,9h1
C45BBE39F56A,-78,9h2
C45BBE39F56A,-80,9h2
C45BBE39F56A,-79,9h2
C45BBE39F56A,-80,9h2
C45BBE39F56A,-80,9h2
C45BBE39F56A,-80,9h3
C45BBE39F56A,-80,9h3
C45BBE384CD2,-80,9h3
C45BBE384CD2,-79,9h3
C45BBE386362,-80,9h3
C45BBE384CD2,-79,9h3
C45BBE386362,-75,9h4
C45BBE384CD2,-77,9h4
C45BBE386362,-74,9h4
C45BBE384CD2,-71,9h4
C45BBE386952,-69,9h4
C45BBE39F56A,-67,9h4
C45BBE39F56A,-64,9h4
C45BBE386952,-47,9h4
C45BBE37B346,-69,9h4
C45BBE39F56A,-66,9h4
C45BBE386952,-59,9h4
C45BBE37B346,-72,9h4
C45BBE39F56A,-60,9h4
C45BBE386952,-60,9h4
C45BBE37B346,-73,9h4
C45BBE39F56A,-60,9h4
C45BBE386952,-75,9h4
C45BBE37B346,-66,9h4
C45BBE39F56A,-61,9h5
C45BBE386952,-57,9h5
C45BBE37B346,-62,9h5
C45BBE37B346,-63,9h5
C45BBE39F56A,-59,9h5
C45BBE386952,-70,9h5
C45BBE37B346,-65,9h5
C45BBE386952,-69,9h5
C45BBE39F56A,-78,9h5
C45BBE37B346,-77,9h5
C45BBE386952,-65,9h5
C45BBE39F56A,-59,9h5
C45BBE39F56A,-57,9h5
C45BBE37B346,-66,9h5
C45BBE386952,-63,9h5
C45BBE37B346,-70,9h5
C45BBE39F56A,-68,9h5
C45BBE386952,-75,9h5
C45BBE37B346,-74,9h6
C45BBE39F56A,-72,9h6
C45BBE386952,-65,9h6
C45BBE386952,-63,9h6
C45BBE37B346,-61,9h6
C45BBE39F56A,-61,9h6
C45BBE39F56A,-58,9h6
C45BBE386952,-65,9h6
C45BBE37B346,-70,9h6
C45BBE39F56A,-59,9h6
C45BBE386952,-61,9h6
C45BBE37B346,-80,9h6
C45BBE386952,-61,9h6
C45BBE37B346,-69,9h6
C45BBE39F56A,-49,9h6
C45BBE39F56A,-51,9h6
C45BBE386952,-64,9h6
C45BBE37B346,-63,9h6
C45BBE39F56A,-72,9h6
C45BBE37B346,-75,9h7
C45BBE386952,-47,9h7
C45BBE384CD2,-80,9h7
C45BBE386952,-72,9h7
C45BBE39F56A,-68,9h7
C45BBE37B346,-70,9h7
C45BBE386952,-50,9h7
C45BBE37B346,-71,9h7
C45BBE39F56A,-59,9h7
C45BBE37B346,-73,9h7
C45BBE386952,-57,9h7
C45BBE39F56A,-60,9h7
C45BBE37B346,-70,9h7
C45BBE386952,-57,9h7
C45BBE39F56A,-61,9h7
C45BBE386952,-57,9h7
C45BBE39F56A,-60,9h7
C45BBE37B346,-74,9h7
C45BBE386952,-59,9h8
C45BBE39F56A,-73,9h8
C45BBE37B346,-75,9h8
C45BBE386952,-80,9h8
C45BBE37B346,-64,9h8
C45BBE39F56A,-76,9h8
C45BBE386952,-78,9h8
C45BBE37B346,-76,9h8
C45BBE39F56A,-77,9h8
C45BBE39F56A,-80,9h8
C45BBE37B346,-78,9h8
A8032A31204E,-76,9h8
C45BBE37B346,-76,9h8
C45BBE37B346,-79,9h8
C45BBE37B346,-80,9h9
C45BBE37B346,-77,9h9
C45BBE37B346,-78,9h9
C45BBE39F56A,-75,9h9
C45BBE37B346,-79,9h9
A8032A31204E,-68,9h9
C45BBE39F9AE,-79,9h9
A8032A31204E,-72,9h9
C45BBE39F9AE,-64,9h9
A8032A31204E,-79,9h9
C45BBE39F9AE,-79,9h10
A8032A311FAA,-65,9h10
C45BBE39F9AE,-80,9h10
A8032A311FAA,-78,9h10
A8032A311FAA,-66,9h10
A8032A311FAA,-69,9h12
A8032A311FAA,-61,9h12
C45BBE39F9AE,-77,9h12
C45BBE39F9AE,-74,9h12
A8032A311FAA,-73,9h12
A8032A311FAA,-66,9h12
A8032A31204E,-73,9h12
C45BBE39F9AE,-72,9h12
C45BBE39F9AE,-78,9h12
C45BBE37B346,-80,9h12
A8032A31204E,-80,9h13
C45BBE386952,-78,9h13
C45BBE39F56A,-80,9h13
C45BBE37B346,-71,9h13
C45BBE39F56A,-77,9h13
C45BBE386952,-72,9h13
C45BBE37B346,-73,9h13
C45BBE39F56A,-67,9h13
C45BBE37B346,-78,9h13
C45BBE384CD2,-80,9h13
C45BBE386362,-80,9h13
C45BBE386952,-68,9h13
C45BBE384CD2,-80,9h13
C45BBE386952,-73,9h13
C45BBE39F56A,-78,9h13
C45BBE386952,-76,9h13
C45BBE39F56A,-80,9h13
C45BBE386952,-77,9h14
C45BBE39F56A,-71,9h14
C45BBE37B346,-79,9h14
C45BBE386952,-76,9h14
C45BBE384CD2,-77,9h14
C45BBE39F56A,-77,9h14
C45BBE384CD2,-77,9h14
C45BBE39F56A,-71,9h14
C45BBE386952,-71,9h14
C45BBE386362,-80,9h14
C45BBE39F56A,-77,9h14
C45BBE386952,-76,9h14
C45BBE386952,-73,9h14
C45BBE39F56A,-66,9h14
C45BBE384CD2,-73,9h14
C45BBE386362,-79,9h14
C45BBE386952,-73,9h14
C45BBE39F56A,-79,9h14
C45BBE386952,-79,9h15
C45BBE39F56A,-67,9h15
C45BBE384CD2,-72,9h15
C45BBE39F56A,-70,9h15
C45BBE386952,-68,9h15
C45BBE386952,-70,9h15
C45BBE39F56A,-76,9h15
C45BBE386952,-74,9h15
C45BBE39F56A,-74,9h15
C45BBE37B346,-74,9h15
C45BBE386952,-71,9h15
C45BBE386362,-77,9h15
C45BBE39F56A,-69,9h15
C45BBE37B346,-78,9h15
C45BBE386952,-69,9h15
C45BBE39F56A,-72,9h15
C45BBE39F56A,-56,9h15
C45BBE386952,-74,9h15
C45BBE384CD2,-79,9h16
C45BBE386362,-80,9h16
C45BBE37B346,-74,9h16
C45BBE386952,-71,9h16
C45BBE39F56A,-64,9h16
C45BBE384CD2,-69,9h16
C45BBE39F56A,-63,9h16
C45BBE37B346,-79,9h16
C45BBE386952,-70,9h16
C45BBE386952,-69,9h16
C45BBE39F56A,-73,9h16
C45BBE384CD2,-76,9h16
C45BBE37B346,-80,9h16
C45BBE386952,-79,9h16
C45BBE39F56A,-76,9h16
C45BBE384CD2,-75,9h16
C45BBE386952,-69,9h16
C45BBE39F56A,-80,9h16
C45BBE384CD2,-71,9h17
C45BBE386952,-70,9h17
C45BBE39F56A,-72,9h17
C45BBE384CD2,-79,9h17
C45BBE386952,-77,9h17
C45BBE39F56A,-73,9h17
C45BBE386952,-70,9h17
C45BBE39F56A,-70,9h17
C45BBE384CD2,-78,9h17
C45BBE384CD2,-76,9h17
C45BBE386952,-74,9h17
C45BBE39F56A,-70,9h17
C45BBE39F56A,-74,9h17
C45BBE384CD2,-76,9h17
C45BBE386952,-74,9h17
C45BBE386952,-80,9h17
C45BBE384CD2,-78,9h17
C45BBE39F56A,-77,9h17
C45BBE39F56A,-72,9h17
C45BBE384CD2,-78,9h18
C45BBE386952,-74,9h18
C45BBE386362,-80,9h18
C45BBE386952,-75,9h18
C45BBE384CD2,-77,9h18
C45BBE39F56A,-76,9h18
C45BBE384CD2,-78,9h18
C45BBE386952,-71,9h18
C45BBE39F56A,-74,9h18
C45BBE39F56A,-75,9h18
C45BBE386952,-73,9h18
C45BBE39F56A,-72,9h18
C45BBE384CD2,-74,9h18
C45BBE386952,-73,9h18
C45BBE384CD2,-75,9h18
C45BBE386952,-72,9h18
C45BBE39F56A,-71,9h18
C45BBE386952,-75,9h19
C45BBE39F56A,-67,9h19
C45BBE386362,-80,9h19
C45BBE384CD2,-80,9h19
C45BBE386952,-76,9h19
C45BBE39F56A,-65,9h19
C45BBE37B346,-80,9h19
C45BBE384CD2,-76,9h19
C45BBE386952,-76,9h19
C45BBE386362,-79,9h19
C45BBE39F56A,-75,9h19
C45BBE384CD2,-73,9h19
C45BBE386362,-79,9h19
C45BBE386952,-77,9h19
C45BBE39F56A,-68,9h19
C45BBE39F56A,-68,9h19
C45BBE386362,-79,9h19
C45BBE384CD2,-78,9h19
C45BBE386952,-70,9h19
C45BBE386952,-79,9h19
C45BBE37B346,-78,9h19
C45BBE39F56A,-77,9h19
C45BBE39F56A,-74,9h20
C45BBE386952,-80,9h20
C45BBE384CD2,-78,9h20
C45BBE39F56A,-75,9h20
C45BBE386952,-75,9h20
C45BBE384CD2,-78,9h20
C45BBE386362,-79,9h20
C45BBE384CD2,-77,9h20
C45BBE386362,-80,9h20
C45BBE386952,-78,9h20
C45BBE39F56A,-76,9h20
C45BBE386362,-80,9h20
C45BBE39F56A,-80,9h20
C45BBE386952,-80,9h20
C45BBE386362,-76,9h20
C45BBE386952,-72,9h20
C45BBE39F56A,-76,9h20
C45BBE39F56A,-77,9h20
C45BBE386362,-80,9h20
C45BBE386952,-75,9h20
C45BBE384CD2,-77,9h20
C45BBE39F56A,-80,9h20
C45BBE384CD2,-79,9h20
C45BBE386362,-72,9h21
C45BBE386952,-78,9h21
C45BBE384CD2,-72,9h21
C45BBE386362,-60,9h21
C45BBE384CD2,-80,9h21
C45BBE386362,-57,9h21
C45BBE386362,-61,9h21
C45BBE386362,-62,9h21
C45BBE386362,-57,9h21
C45BBE386362,-60,9h22
C45BBE386362,-60,9h22
C45BBE386362,-66,9h22
C45BBE386362,-66,9h22
C45BBE386362,-63,9h22
C45BBE386362,-63,9h22
C45BBE386362,-62,9h23
C45BBE386362,-64,9h23
C45BBE384CD2,-78,9h23
C45BBE384CD2,-78,9h23
C45BBE386362,-66,9h23
C45BBE386362,-65,9h23
C45BBE386362,-66,9h23
C45BBE386362,-66,9h23
C45BBE386362,-56,9h24
C45BBE384CD2,-79,9h24
C45BBE386362,-48,9h24
C45BBE384CD2,-73,9h24
C45BBE386362,-51,9h24
C45BBE384CD2,-80,9h24
C45BBE386362,-74,9h24
C45BBE384CD2,-73,9h24
C45BBE386362,-51,9h24
C45BBE384CD2,-77,9h24
C45BBE386362,-48,9h24
C45BBE384CD2,-80,9h24
C45BBE386362,-50,9h25
C45BBE386362,-58,9h25
C45BBE386362,-63,9h25
C45BBE386362,-59,9h25
C45BBE386362,-63,9h25
C45BBE386362,-65,9h25
C45BBE386362,-61,9h26
C45BBE386362,-61,9h26
C45BBE386362,-59,9h26
C45BBE386362,-61,9h26
C45BBE386362,-63,9h26
C45BBE386362,-64,9h26
C45BBE386362,-64,9h27
C45BBE384CD2,-76,9h27
C45BBE386362,-65,9h27
C45BBE386362,-70,9h27
C45BBE384CD2,-69,9h27
C45BBE39F56A,-77,9h27
C45BBE386362,-56,9h27
C45BBE384CD2,-79,9h27
C45BBE384CD2,-70,9h27
C45BBE39F56A,-78,9h27
C45BBE386362,-77,9h27
C45BBE39F56A,-80,9h27
C45BBE384CD2,-65,9h27
C45BBE386362,-75,9h27
C45BBE39F56A,-80,9h27
C45BBE384CD2,-66,9h28
C45BBE386952,-77,9h28
C45BBE39F56A,-64,9h28
C45BBE386362,-72,9h28
C45BBE384CD2,-71,9h28
C45BBE384CD2,-64,9h28
C45BBE386362,-77,9h28
C45BBE37B346,-79,9h28
C45BBE39F56A,-60,9h28
C45BBE386952,-76,9h28
C45BBE37B346,-80,9h28
C45BBE39F56A,-63,9h28
C45BBE384CD2,-64,9h28
C45BBE386952,-79,9h28
C45BBE386362,-78,9h28
C45BBE386952,-77,9h28
C45BBE37B346,-79,9h28
C45BBE39F56A,-63,9h28
C45BBE386362,-78,9h28
C45BBE384CD2,-63,9h28
C45BBE386952,-78,9h28
C45BBE386362,-77,9h28
C45BBE384CD2,-73,9h28
C45BBE39F56A,-70,9h28
C45BBE386952,-72,9h28
C45BBE37B346,-79,9h28
C45BBE386362,-73,9h29
C45BBE384CD2,-69,9h29
C45BBE39F56A,-62,9h29
C45BBE37B346,-79,9h29
C45BBE384CD2,-78,9h29
C45BBE386362,-73,9h29
C45BBE386952,-74,9h29
C45BBE39F56A,-62,9h29
C45BBE386362,-75,9h29
C45BBE37B346,-78,9h29
C45BBE384CD2,-69,9h29
C45BBE39F56A,-67,9h29
C45BBE386952,-77,9h29
C45BBE384CD2,-64,9h29
C45BBE39F56A,-61,9h29
C45BBE386362,-74,9h29
C45BBE386952,-75,9h29
C45BBE37B346,-80,9h29
C45BBE37B346,-80,9h29
C45BBE384CD2,-63,9h29
C45BBE386362,-80,9h29
C45BBE39F56A,-65,9h29
C45BBE386952,-74,9h29
C45BBE37B346,-79,9h29
C45BBE386362,-77,9h29
C45BBE39F56A,-63,9h29
C45BBE386952,-77,9h29
C45BBE384CD2,-71,9h29
C45BBE37B346,-79,9h29
C45BBE39F56A,-76,9h30
C45BBE386952,-75,9h30
C45BBE384CD2,-73,9h30
C45BBE386362,-79,9h30
C45BBE386362,-77,9h30
C45BBE384CD2,-73,9h30
C45BBE39F56A,-68,9h30
C45BBE386952,-78,9h30
C45BBE384CD2,-67,9h30
C45BBE386362,-78,9h30
C45BBE39F56A,-80,9h30
C45BBE386362,-78,9h30
C45BBE384CD2,-68,9h30
C45BBE37B346,-80,9h30
C45BBE386952,-68,9h30
C45BBE39F56A,-66,9h30
C45BBE384CD2,-68,9h30
C45BBE37B346,-76,9h30
C45BBE386952,-68,9h30
C45BBE39F56A,-69,9h30
C45BBE386362,-78,9h30
C45BBE386952,-77,9h30
C45BBE39F56A,-80,9h30
C45BBE386362,-78,9h30
C45BBE384CD2,-63,9h30
C45BBE386952,-71,9h30
C45BBE39F56A,-65,9h30
C45BBE37B346,-80,9h31
C45BBE386362,-72,9h31
C45BBE384CD2,-77,9h31
C45BBE386362,-70,9h31
C45BBE39F56A,-70,9h31
C45BBE384CD2,-69,9h31
C45BBE386952,-72,9h31
C45BBE39F56A,-76,9h31
C45BBE386952,-74,9h31
C45BBE37B346,-79,9h31
C45BBE386362,-63,9h31
C45BBE384CD2,-64,9h31
C45BBE39F56A,-78,9h31
C45BBE384CD2,-77,9h31
C45BBE386362,-71,9h31
C45BBE384CD2,-69,9h31
C45BBE386362,-72,9h31
C45BBE39F56A,-79,9h31
C45BBE386952,-80,9h31
C45BBE386362,-79,9h31
C45BBE39F56A,-80,9h31
C45BBE384CD2,-65,9h31
C45BBE386952,-74,9h31
C45BBE386362,-80,9h32
C45BBE384CD2,-71,9h32
C45BBE39F56A,-69,9h32
C45BBE386952,-80,9h32
C45BBE39F56A,-74,9h32
C45BBE384CD2,-72,9h32
C45BBE386362,-75,9h32
C45BBE384CD2,-70,9h32
C45BBE39F56A,-76,9h32
C45BBE386362,-73,9h32
C45BBE384CD2,-66,9h32
C45BBE39F56A,-80,9h32
C45BBE386362,-74,9h32
C45BBE386952,-79,9h32
C45BBE386362,-67,9h32
C45BBE39F56A,-77,9h32
C45BBE384CD2,-68,9h32
C45BBE386952,-78,9h32
C45BBE39F56A,-67,9h32
C45BBE384CD2,-73,9h32
C45BBE386362,-68,9h32
C45BBE384CD2,-65,9h32
C45BBE386952,-77,9h33
C45BBE39F56A,-73,9h33
C45BBE386362,-66,9h33
C45BBE386952,-74,9h33
C45BBE39F56A,-72,9h33
C45BBE384CD2,-66,9h33
C45BBE386362,-69,9h33
C45BBE39F56A,-78,9h33
C45BBE384CD2,-58,9h33
C45BBE386362,-72,9h33
C45BBE384CD2,-62,9h33
C45BBE39F56A,-79,9h33
C45BBE386952,-74,9h33
C45BBE39F56A,-77,9h33
C45BBE384CD2,-52,9h33
C45BBE386362,-79,9h33
C45BBE39F56A,-80,9h33
C45BBE384CD2,-54,9h33
C45BBE386362,-76,9h33
C45BBE39F56A,-77,9h34
C45BBE384CD2,-59,9h34
C45BBE386362,-79,9h34
C45BBE39F56A,-72,9h34
C45BBE384CD2,-76,9h34
C45BBE386952,-74,9h34
C45BBE39F56A,-63,9h34
C45BBE384CD2,-69,9h34
C45BBE386362,-68,9h34
C45BBE39F56A,-71,9h34
C45BBE386362,-72,9h34
C45BBE384CD2,-60,9h34
C45BBE386952,-80,9h34
C45BBE386952,-80,9h34
C45BBE39F56A,-79,9h34
C45BBE384CD2,-62,9h34
C45BBE39F56A,-80,9h34
C45BBE384CD2,-59,9h34
C45BBE39F56A,-79,9h34
C45BBE386952,-80,9h34
C45BBE384CD2,-60,9h35
C45BBE386362,-80,9h35
C45BBE386362,-78,9h35
C45BBE39F56A,-77,9h35
C45BBE384CD2,-63,9h35
C45BBE39F56A,-71,9h35
C45BBE386362,-80,9h35
C45BBE384CD2,-64,9h35
C45BBE386952,-76,9h35
C45BBE386362,-78,9h35
C45BBE39F56A,-79,9h35
C45BBE384CD2,-73,9h35
C45BBE386952,-76,9h35
C45BBE386362,-79,9h35
C45BBE39F56A,-76,9h35
C45BBE384CD2,-70,9h35
C45BBE386952,-78,9h35
C45BBE39F56A,-78,9h35
C45BBE384CD2,-65,9h35
C45BBE386952,-74,9h35
C45BBE39F56A,-76,9h36
C45BBE386952,-74,9h36
C45BBE384CD2,-65,9h36
C45BBE386362,-80,9h36
C45BBE386362,-80,9h36
C45BBE39F56A,-80,9h36
C45BBE386952,-74,9h36
C45BBE384CD2,-66,9h36
C45BBE386952,-75,9h36
C45BBE384CD2,-66,9h36
C45BBE386952,-76,9h36
C45BBE384CD2,-69,9h36
C45BBE386362,-67,9h36
C45BBE39F56A,-66,9h36
C45BBE37B346,-78,9h36
C45BBE39F56A,-63,9h36
C45BBE386952,-73,9h36
C45BBE386362,-72,9h36
C45BBE384CD2,-66,9h36
C45BBE386952,-79,9h36
C45BBE39F56A,-74,9h36
C45BBE386362,-72,9h36
C45BBE384CD2,-51,9h36
C45BBE384CD2,-59,9h37
C45BBE386362,-80,9h37
C45BBE39F56A,-78,9h37
C45BBE386362,-79,9h37
C45BBE384CD2,-58,9h37
C45BBE386362,-80,9h37
C45BBE384CD2,-58,9h37
C45BBE386362,-80,9h37
C45BBE384CD2,-52,9h37
C45BBE384CD2,-61,9h37
C45BBE39F56A,-80,9h37
C45BBE384CD2,-63,9h37
C45BBE39F56A,-80,9h37
C45BBE384CD2,-70,9h38
C45BBE384CD2,-60,9h38
C45BBE384CD2,-60,9h38
C45BBE384CD2,-63,9h38
C45BBE384CD2,-60,9h38
C45BBE384CD2,-64,9h38
C45BBE384CD2,-64,9h39
C45BBE384CD2,-60,9h39
C45BBE384CD2,-60,9h39
C45BBE384CD2,-60,9h39
C45BBE386952,-80,9h39
C45BBE384CD2,-63,9h39
C45BBE384CD2,-70,9h39
C45BBE39F56A,-79,9h39
C45BBE384CD2,-69,9h40
C45BBE384CD2,-64,9h40
C45BBE384CD2,-66,9h40
C45BBE384CD2,-72,9h40
C45BBE384CD2,-71,9h40
C45BBE384CD2,-70,9h40
C45BBE384CD2,-69,9h41
C45BBE384CD2,-65,9h41
C45BBE384CD2,-64,9h41
C45BBE384CD2,-63,9h41
C45BBE384CD2,-63,9h41
C45BBE384CD2,-59,9h41
C45BBE384CD2,-60,9h42
C45BBE384CD2,-59,9h42
C45BBE384CD2,-61,9h42
C45BBE384CD2,-58,9h42
C45BBE384CD2,-51,9h42
C45BBE384CD2,-61,9h42
C45BBE384CD2,-59,9h43
C45BBE384CD2,-62,9h43
C45BBE384CD2,-58,9h43
C45BBE384CD2,-59,9h43
C45BBE384CD2,-47,9h43
C45BBE384CD2,-47,9h43
C45BBE384CD2,-61,9h44
C45BBE384CD2,-49,9h44
C45BBE386362,-79,9h44
C45BBE384CD2,-50,9h44
C45BBE384CD2,-51,9h44
C45BBE384CD2,-50,9h44
C45BBE384CD2,-55,9h44
C45BBE384CD2,-55,9h45
C45BBE384CD2,-62,9h45
C45BBE384CD2,-59,9h45
C45BBE386952,-76,9h45
C45BBE384CD2,-79,9h45
C45BBE39F56A,-79,9h45
C45BBE39F56A,-68,9h45
C45BBE386952,-80,9h45
C45BBE386362,-78,9h45
C45BBE384CD2,-61,9h45
C45BBE386952,-80,9h45
C45BBE386362,-79,9h45
C45BBE384CD2,-59,9h45
C45BBE39F56A,-75,9h45
C45BBE39F56A,-76,9h45
C45BBE384CD2,-72,9h45
C45BBE386362,-77,9h46
C45BBE386952,-78,9h46
C45BBE384CD2,-62,9h46
C45BBE39F56A,-71,9h46
C45BBE386362,-74,9h46
C45BBE386362,-79,9h46
C45BBE386952,-78,9h46
C45BBE384CD2,-63,9h46
C45BBE39F56A,-77,9h46
C45BBE386362,-73,9h46
C45BBE386952,-72,9h46
C45BBE39F56A,-71,9h46
C45BBE384CD2,-62,9h46
C45BBE39F56A,-77,9h46
C45BBE386952,-79,9h46
C45BBE384CD2,-65,9h46
C45BBE386362,-76,9h46
C45BBE386952,-72,9h46
C45BBE384CD2,-62,9h46
C45BBE386362,-78,9h46
C45BBE39F56A,-71,9h46
C45BBE39F56A,-77,9h46
C45BBE384CD2,-55,9h46
C45BBE386362,-78,9h47
C45BBE384CD2,-61,9h47
C45BBE39F56A,-75,9h47
C45BBE386952,-80,9h47
C45BBE39F56A,-80,9h47
C45BBE386362,-75,9h47
C45BBE384CD2,-58,9h47
C45BBE386952,-78,9h47
C45BBE384CD2,-64,9h47
C45BBE39F56A,-80,9h47
C45BBE386362,-79,9h47
C45BBE386362,-78,9h47
C45BBE384CD2,-61,9h47
C45BBE386952,-80,9h47
C45BBE384CD2,-60,9h47
C45BBE386362,-76,9h47
C45BBE39F56A,-65,9h47
C45BBE386362,-68,9h47
C45BBE386952,-79,9h47
C45BBE384CD2,-59,9h48
C45BBE384CD2,-69,9h48
C45BBE386362,-71,9h48
C45BBE384CD2,-75,9h48
C45BBE39F56A,-78,9h48
C45BBE386362,-73,9h48
C45BBE386952,-80,9h48
C45BBE386362,-78,9h48
C45BBE39F56A,-74,9h48
C45BBE386952,-80,9h48
C45BBE384CD2,-65,9h48
C45BBE384CD2,-70,9h48
C45BBE386362,-76,9h48
C45BBE386952,-80,9h48
C45BBE39F56A,-74,9h48
C45BBE386952,-78,9h48
C45BBE386362,-79,9h48
C45BBE39F56A,-71,9h48
C45BBE384CD2,-64,9h48
C45BBE386952,-78,9h48
C45BBE39F56A,-74,9h48
C45BBE384CD2,-65,9h49
C45BBE386362,-76,9h49
C45BBE386362,-74,9h49
C45BBE39F56A,-80,9h49
C45BBE384CD2,-71,9h49
C45BBE386952,-78,9h49
C45BBE386952,-76,9h49
C45BBE386362,-80,9h49
C45BBE39F56A,-75,9h49
C45BBE384CD2,-61,9h49
C45BBE39F56A,-71,9h49
C45BBE386362,-68,9h49
C45BBE384CD2,-61,9h49
C45BBE386952,-78,9h49
C45BBE386952,-80,9h49
C45BBE39F56A,-74,9h49
C45BBE386362,-71,9h49
C45BBE384CD2,-74,9h49
C45BBE386362,-75,9h49
C45BBE384CD2,-60,9h49
C45BBE386952,-78,9h49
C45BBE386362,-74,9h50
C45BBE39F56A,-80,9h50
C45BBE384CD2,-63,9h50
C45BBE386362,-68,9h50
C45BBE384CD2,-73,9h50
C45BBE386952,-79,9h50
C45BBE39F56A,-76,9h50
C45BBE384CD2,-68,9h50
C45BBE386362,-79,9h50
C45BBE39F56A,-73,9h50
C45BBE386952,-79,9h50
C45BBE39F56A,-69,9h50
C45BBE386362,-72,9h50
C45BBE384CD2,-74,9h50
C45BBE386362,-71,9h50
C45BBE384CD2,-61,9h50
C45BBE386952,-73,9h50
C45BBE39F56A,-67,9h50
C45BBE386952,-77,9h50
C45BBE384CD2,-66,9h50
C45BBE39F56A,-76,9h50
C45BBE386362,-76,9h50
C45BBE39F56A,-73,9h50
C45BBE386362,-75,9h51
C45BBE384CD2,-72,9h51
C45BBE386952,-75,9h51
C45BBE386362,-74,9h51
C45BBE384CD2,-57,9h51
C45BBE39F56A,-72,9h51
C45BBE39F56A,-70,9h51
C45BBE386952,-80,9h51
C45BBE384CD2,-70,9h51
C45BBE386362,-80,9h51
C45BBE386362,-77,9h51
C45BBE386952,-72,9h51
C45BBE384CD2,-64,9h51
C45BBE39F56A,-79,9h51
C45BBE386952,-80,9h51
C45BBE384CD2,-73,9h51
C45BBE386362,-65,9h51
C45BBE39F56A,-77,9h51
C45BBE386362,-71,9h51
C45BBE386952,-70,9h51
C45BBE384CD2,-71,9h51
C45BBE39F56A,-68,9h51
C45BBE384CD2,-79,9h52
C45BBE39F56A,-63,9h52
C45BBE37B346,-62,9h52
C45BBE386952,-61,9h52
C45BBE37B346,-59,9h52
C45BBE39F56A,-77,9h52
C45BBE386952,-75,9h52
C45BBE39F56A,-78,9h52
C45BBE37B346,-75,9h52
A8032A31204E,-77,9h52
C45BBE37B346,-80,9h52
A8032A31204E,-52,9h52
C45BBE39F9AE,-80,9h52
A8032A31204E,-65,9h52
C45BBE39F9AE,-72,9h52
A8032A31204E,-71,9h52
C45BBE39F9AE,-62,9h52
A8032A311FAA,-63,9h52
C45BBE39F9AE,-78,9h52
A8032A311FAA,-76,9h52
A8032A311FAA,-79,9h53
A8032A311FAA,-76,9h53
A8032A311FAA,-73,12h49
A8032A311FAA,-77,12h49
C45BBE39F9AE,-76,12h49
A8032A311FAA,-61,12h49
C45BBE39F9AE,-74,12h50
A8032A311FAA,-70,12h50
A8032A31204E,-79,12h50
A8032A311FAA,-78,12h50
C45BBE39F9AE,-64,12h50
A8032A31204E,-64,12h50
C45BBE39F9AE,-73,12h50
A8032A31204E,-68,12h50
C45BBE37B346,-80,12h50
C45BBE37B346,-77,12h50
A8032A31204E,-58,12h50
C45BBE37B346,-76,12h50
A8032A31204E,-77,12h50
A8032A31204E,-77,12h50
C45BBE37B346,-76,12h50
C45BBE386952,-76,12h50
C45BBE37B346,-69,12h51
C45BBE386952,-75,12h51
C45BBE39F56A,-67,12h51
C45BBE39F56A,-69,12h51
C45BBE386952,-70,12h51
C45BBE37B346,-79,12h51
C45BBE37B346,-80,12h51
C45BBE384CD2,-77,12h51
C45BBE39F56A,-61,12h51
C45BBE386952,-69,12h51
C45BBE39F56A,-77,12h51
C45BBE386952,-76,12h51
C45BBE39F56A,-77,12h51
C45BBE386952,-75,12h51
C45BBE39F56A,-80,12h51
C45BBE37B346,-79,12h51
C45BBE386952,-77,12h51
C45BBE386952,-77,12h51
C45BBE39F56A,-72,12h52
C45BBE37B346,-76,12h52
C45BBE39F56A,-65,12h52
C45BBE386952,-80,12h52
C45BBE386952,-80,12h52
C45BBE39F56A,-71,12h52
C45BBE37B346,-75,12h52
C45BBE386952,-80,12h52
C45BBE37B346,-79,12h52
C45BBE39F56A,-71,12h52
C45BBE37B346,-80,12h52
C45BBE39F56A,-66,12h52
C45BBE386952,-74,12h52
C45BBE386952,-80,12h52
C45BBE39F56A,-74,12h52
C45BBE37B346,-80,12h52
C45BBE386952,-80,12h53
C45BBE39F56A,-75,12h53
C45BBE386952,-79,12h53
C45BBE39F56A,-69,12h53
C45BBE386952,-76,12h53
C45BBE39F56A,-69,12h53
C45BBE39F56A,-70,12h53
C45BBE386952,-74,12h53
C45BBE39F56A,-70,12h53
C45BBE386952,-79,12h53
C45BBE386952,-76,12h53
C45BBE39F56A,-71,12h53
C45BBE386952,-77,12h54
C45BBE39F56A,-71,12h54
C45BBE386952,-79,12h54
C45BBE39F56A,-72,12h54
C45BBE39F56A,-64,12h54
C45BBE386952,-79,12h54
C45BBE39F56A,-69,12h54
C45BBE386952,-77,12h54
C45BBE37B346,-79,12h54
C45BBE386952,-78,12h54
C45BBE39F56A,-71,12h54
C45BBE386952,-80,12h54
C45BBE39F56A,-69,12h54
C45BBE37B346,-77,12h54
C45BBE37B346,-80,12h54
C45BBE39F56A,-68,12h55
C45BBE386952,-76,12h55
C45BBE39F56A,-70,12h55
C45BBE37B346,-67,12h55
C45BBE386952,-68,12h55
C45BBE39F56A,-69,12h55
C45BBE37B346,-69,12h55
C45BBE386952,-66,12h55
C45BBE37B346,-68,12h55
C45BBE386952,-67,12h55
C45BBE39F56A,-72,12h55
C45BBE37B346,-69,12h55
C45BBE386952,-67,12h55
C45BBE39F56A,-72,12h55
C45BBE37B346,-80,12h55
C45BBE386952,-70,12h55
C45BBE39F56A,-75,12h55
C45BBE37B346,-74,12h56
C45BBE386952,-70,12h56
C45BBE39F56A,-76,12h56
C45BBE37B346,-75,12h56
C45BBE39F56A,-73,12h56
C45BBE386952,-70,12h56
C45BBE37B346,-79,12h56
C45BBE386952,-72,12h56
C45BBE39F56A,-77,12h56
C45BBE39F56A,-80,12h56
C45BBE386952,-70,12h56
C45BBE39F56A,-80,12h56
C45BBE37B346,-71,12h56
C45BBE386952,-73,12h56
C45BBE39F56A,-74,12h56
C45BBE386952,-76,12h56
C45BBE37B346,-71,12h56
C45BBE37B346,-72,12h57
C45BBE39F56A,-74,12h57
C45BBE386952,-74,12h57
C45BBE37B346,-76,12h57
C45BBE39F56A,-61,12h57
C45BBE386952,-51,12h57
C45BBE384CD2,-79,12h57
C45BBE39F56A,-73,12h57
C45BBE37B346,-73,12h57
C45BBE386952,-73,12h57
C45BBE37B346,-79,12h57
C45BBE386952,-78,12h57
C45BBE39F56A,-71,12h57
C45BBE37B346,-77,12h57
C45BBE386952,-77,12h57
C45BBE39F56A,-66,12h57
C45BBE39F56A,-70,12h57
C45BBE386952,-80,12h58
C45BBE39F56A,-73,12h58
C45BBE37B346,-79,12h58
C45BBE386952,-58,12h58
C45BBE39F56A,-70,12h58
C45BBE37B346,-76,12h58
C45BBE386952,-79,12h58
C45BBE39F56A,-70,12h58
C45BBE37B346,-80,12h58
C45BBE386952,-61,12h58
C45BBE39F56A,-74,12h58
C45BBE386952,-64,12h58
C45BBE39F56A,-70,12h58
C45BBE37B346,-75,12h58
C45BBE37B346,-80,12h58
C45BBE386952,-70,12h58
C45BBE39F56A,-77,12h58
C45BBE39F56A,-66,12h58
C45BBE37B346,-77,12h59
C45BBE386952,-71,12h59
C45BBE39F56A,-74,12h59
C45BBE37B346,-79,12h59
C45BBE386952,-79,12h59
C45BBE39F56A,-65,12h59
C45BBE37B346,-77,12h59
C45BBE386952,-72,12h59
C45BBE39F56A,-68,12h59
C45BBE39F56A,-71,12h59
C45BBE386952,-69,12h59
C45BBE37B346,-77,12h59
C45BBE39F56A,-71,12h59
C45BBE37B346,-79,12h59
C45BBE386952,-79,12h59
C45BBE39F56A,-67,13h0
C45BBE37B346,-79,13h0
C45BBE386952,-64,13h0
C45BBE39F56A,-73,13h0
C45BBE386952,-65,13h0
C45BBE386952,-48,13h0
C45BBE39F56A,-73,13h0
C45BBE384CD2,-77,13h0
C45BBE37B346,-78,13h0
C45BBE37B346,-77,13h0
C45BBE39F56A,-76,13h0
C45BBE384CD2,-78,13h0
C45BBE386952,-51,13h0
C45BBE37B346,-71,13h0
C45BBE386952,-55,13h0
C45BBE39F56A,-80,13h0
C45BBE386952,-53,13h0
C45BBE39F56A,-62,13h0
C45BBE37B346,-66,13h0
C45BBE386952,-53,13h1
C45BBE37B346,-68,13h1
C45BBE39F56A,-68,13h1
C45BBE386952,-51,13h1
C45BBE37B346,-69,13h1
C45BBE39F56A,-60,13h1
C45BBE386952,-50,13h1
C45BBE37B346,-72,13h1
C45BBE39F56A,-62,13h1
C45BBE386952,-55,13h1
C45BBE37B346,-76,13h1
C45BBE39F56A,-64,13h1
C45BBE37B346,-71,13h1
C45BBE39F56A,-62,13h1
C45BBE386952,-50,13h1
C45BBE37B346,-76,13h1
C45BBE39F56A,-62,13h1
C45BBE386952,-50,13h1
C45BBE39F56A,-67,13h2
C45BBE37B346,-73,13h2
C45BBE386952,-51,13h2
C45BBE384CD2,-80,13h2
C45BBE37B346,-80,13h2
C45BBE39F56A,-65,13h2
C45BBE386952,-44,13h2
C45BBE37B346,-75,13h2
C45BBE39F56A,-74,13h2
C45BBE386952,-57,13h2
C45BBE39F56A,-71,13h2
C45BBE37B346,-78,13h2
C45BBE386952,-72,13h2
C45BBE386952,-64,13h2
C45BBE37B346,-78,13h2
C45BBE39F56A,-69,13h2
C45BBE39F56A,-73,13h2
C45BBE386952,-61,13h2
C45BBE39F56A,-67,13h2
C45BBE386952,-53,13h3
C45BBE39F56A,-72,13h3
C45BBE37B346,-78,13h3
C45BBE386952,-60,13h3
C45BBE37B346,-75,13h3
C45BBE386952,-52,13h3
C45BBE39F56A,-71,13h3
C45BBE386952,-60,13h3
C45BBE37B346,-77,13h3
C45BBE39F56A,-73,13h3
C45BBE37B346,-71,13h3
C45BBE386952,-64,13h3
C45BBE39F56A,-70,13h3
C45BBE386952,-62,13h3
C45BBE39F56A,-69,13h3
C45BBE39F56A,-65,13h4
C45BBE384CD2,-77,13h4
C45BBE37B346,-78,13h4
C45BBE386952,-59,13h4
C45BBE384CD2,-80,13h4
C45BBE39F56A,-69,13h4
C45BBE37B346,-79,13h4
C45BBE386952,-54,13h4
C45BBE39F56A,-72,13h4
C45BBE386952,-66,13h4
C45BBE384CD2,-78,13h4
C45BBE386952,-66,13h4
C45BBE384CD2,-79,13h4
C45BBE39F56A,-77,13h4
C45BBE384CD2,-79,13h4
C45BBE39F56A,-73,13h4
C45BBE386952,-64,13h4
C45BBE386952,-68,13h4
C45BBE384CD2,-79,13h4
C45BBE39F56A,-71,13h4
C45BBE384CD2,-80,13h5
C45BBE39F56A,-72,13h5
C45BBE386952,-73,13h5
C45BBE384CD2,-79,13h5
C45BBE39F56A,-76,13h5
C45BBE386952,-67,13h5
C45BBE384CD2,-79,13h5
C45BBE37B346,-77,13h5
C45BBE386362,-80,13h5
C45BBE39F56A,-67,13h5
C45BBE386952,-63,13h5
C45BBE39F56A,-67,13h5
C45BBE386952,-59,13h5
C45BBE37B346,-75,13h5
C45BBE386952,-56,13h5
C45BBE37B346,-77,13h5
C45BBE39F56A,-73,13h5
C45BBE37B346,-79,13h5
C45BBE39F56A,-68,13h5
C45BBE386952,-57,13h5
C45BBE37B346,-80,13h6
C45BBE39F56A,-73,13h6
C45BBE386952,-65,13h6
C45BBE37B346,-78,13h6
C45BBE386952,-62,13h6
C45BBE386362,-77,13h6
C45BBE384CD2,-78,13h6
C45BBE37B346,-80,13h6
C45BBE39F56A,-69,13h6
C45BBE386952,-67,13h6
C45BBE384CD2,-77,13h6
C45BBE39F56A,-73,13h6
C45BBE386952,-64,13h6
C45BBE39F56A,-74,13h6
C45BBE386952,-74,13h6
C45BBE386952,-72,13h6
C45BBE37B346,-80,13h7
C45BBE386952,-73,13h7
C45BBE39F56A,-73,13h7
C45BBE386952,-68,13h7
C45BBE37B346,-78,13h7
C45BBE39F56A,-76,13h7
C45BBE386952,-68,13h7
C45BBE37B346,-77,13h7
C45BBE386952,-69,13h7
C45BBE39F56A,-73,13h7
C45BBE37B346,-77,13h7
C45BBE386952,-71,13h7
C45BBE37B346,-78,13h7
C45BBE39F56A,-73,13h7
C45BBE386952,-69,13h7
C45BBE39F56A,-73,13h7
C45BBE37B346,-78,13h7
C45BBE37B346,-79,13h8
C45BBE386952,-71,13h8
C45BBE39F56A,-73,13h8
C45BBE37B346,-77,13h8
C45BBE39F56A,-69,13h8
C45BBE386952,-69,13h8
C45BBE386362,-76,13h8
C45BBE37B346,-73,13h8
C45BBE384CD2,-79,13h8
C45BBE386952,-67,13h8
C45BBE39F56A,-76,13h8
C45BBE37B346,-78,13h8
C45BBE384CD2,-75,13h8
C45BBE386952,-79,13h8
C45BBE39F56A,-66,13h8
C45BBE384CD2,-74,13h8
C45BBE386952,-78,13h8
C45BBE39F56A,-68,13h8
C45BBE384CD2,-75,13h8
C45BBE39F56A,-67,13h8
C45BBE37B346,-80,13h8
C45BBE386952,-76,13h8
C45BBE386952,-73,13h8
C45BBE39F56A,-66,13h8
C45BBE384CD2,-80,13h8
C45BBE39F56A,-72,13h9
C45BBE386952,-71,13h9
C45BBE37B346,-73,13h9
C45BBE386952,-73,13h9
C45BBE39F56A,-67,13h9
C45BBE37B346,-79,13h9
C45BBE386952,-74,13h9
C45BBE39F56A,-71,13h9
C45BBE37B346,-77,13h9
C45BBE386952,-73,13h9
C45BBE39F56A,-77,13h9
C45BBE37B346,-79,13h9
C45BBE386952,-73,13h9
C45BBE39F56A,-78,13h9
C45BBE386362,-80,13h9
C45BBE39F56A,-70,13h10
C45BBE386952,-74,13h10
C45BBE384CD2,-73,13h10
C45BBE37B346,-80,13h10
C45BBE39F56A,-70,13h10
C45BBE386952,-70,13h10
C45BBE37B346,-75,13h10
C45BBE39F56A,-62,13h10
C45BBE386952,-72,13h10
C45BBE37B346,-79,13h10
C45BBE39F56A,-63,13h10
C45BBE386952,-69,13h10
C45BBE386952,-76,13h10
C45BBE39F56A,-74,13h10
C45BBE37B346,-80,13h10
C45BBE384CD2,-79,13h10
C45BBE386952,-67,13h10
C45BBE39F56A,-75,13h10
C45BBE39F56A,-77,13h10
C45BBE386952,-79,13h11
C45BBE386362,-79,13h11
C45BBE386952,-78,13h11
C45BBE39F56A,-78,13h11
C45BBE384CD2,-74,13h11
C45BBE386362,-77,13h11
C45BBE386952,-79,13h11
C45BBE39F56A,-69,13h11
C45BBE384CD2,-72,13h11
C45BBE386952,-80,13h11
C45BBE386362,-80,13h11
C45BBE39F56A,-80,13h11
C45BBE384CD2,-79,13h11
C45BBE386952,-78,13h11
C45BBE39F56A,-76,13h11
C45BBE384CD2,-75,13h11
C45BBE386952,-78,13h11
C45BBE384CD2,-71,13h11
C45BBE386362,-79,13h11
C45BBE386362,-78,13h11
C45BBE386952,-79,13h11
C45BBE39F56A,-76,13h11
C45BBE384CD2,-76,13h12
C45BBE386362,-78,13h12
C45BBE39F56A,-69,13h12
C45BBE384CD2,-76,13h12
C45BBE386952,-77,13h12
C45BBE386362,-79,13h12
C45BBE384CD2,-80,13h12
C45BBE39F56A,-78,13h12
C45BBE386952,-76,13h12
C45BBE386952,-79,13h12
C45BBE386362,-79,13h12
C45BBE384CD2,-77,13h12
C45BBE39F56A,-69,13h12
C45BBE386952,-78,13h12
C45BBE39F56A,-76,13h12
C45BBE39F56A,-79,13h12
C45BBE39F56A,-77,13h13
C45BBE384CD2,-78,13h13
C45BBE386952,-80,13h13
C45BBE37B346,-80,13h13
C45BBE384CD2,-79,13h13
C45BBE39F56A,-78,13h13
C45BBE39F56A,-75,13h13
C45BBE39F56A,-76,13h13
C45BBE39F56A,-79,13h13
C45BBE386952,-78,13h13
C45BBE39F56A,-75,13h13
C45BBE384CD2,-79,13h13
C45BBE386952,-77,13h13
C45BBE39F56A,-79,13h14
C45BBE386952,-79,13h14
C45BBE39F56A,-76,13h14
C45BBE386362,-80,13h14
C45BBE384CD2,-78,13h14
C45BBE39F56A,-74,13h14
C45BBE386952,-78,13h14
C45BBE386952,-78,13h14
C45BBE39F56A,-73,13h14
C45BBE39F56A,-77,13h14
C45BBE39F56A,-77,13h14
C45BBE386362,-77,13h14
C45BBE386952,-78,13h15
C45BBE384CD2,-76,13h15
C45BBE39F56A,-73,13h15
C45BBE384CD2,-80,13h15
C45BBE39F56A,-69,13h15
C45BBE386952,-78,13h15
C45BBE386362,-79,13h15
C45BBE384CD2,-72,13h15
C45BBE39F56A,-73,13h15
C45BBE386952,-76,13h15
C45BBE384CD2,-77,13h15
C45BBE37B346,-77,13h15
C45BBE39F56A,-79,13h15
C45BBE39F56A,-74,13h15
C45BBE384CD2,-80,13h15
C45BBE384CD2,-71,13h15
C45BBE37B346,-75,13h15
C45BBE386952,-70,13h15
C45BBE39F56A,-71,13h15
C45BBE39F56A,-72,13h15
C45BBE384CD2,-75,13h16
C45BBE386362,-77,13h16
C45BBE386952,-80,13h16
C45BBE384CD2,-74,13h16
C45BBE386952,-78,13h16
C45BBE39F56A,-74,13h16
C45BBE386362,-77,13h16
C45BBE384CD2,-69,13h16
C45BBE386952,-77,13h16
C45BBE384CD2,-79,13h16
C45BBE39F56A,-75,13h16
C45BBE386362,-76,13h16
C45BBE384CD2,-80,13h16
C45BBE39F56A,-77,13h16
C45BBE386362,-78,13h16
C45BBE386952,-79,13h16
C45BBE386362,-72,13h16
C45BBE39F56A,-79,13h16
C45BBE384CD2,-76,13h16
C45BBE386952,-77,13h16
C45BBE39F56A,-78,13h17
C45BBE384CD2,-76,13h17
C45BBE386952,-78,13h17
C45BBE386362,-74,13h17
C45BBE386952,-80,13h17
C45BBE386362,-73,13h17
C45BBE384CD2,-77,13h17
C45BBE39F56A,-76,13h17
C45BBE384CD2,-80,13h17
C45BBE386362,-72,13h17
C45BBE39F56A,-76,13h17
C45BBE386362,-77,13h17
C45BBE386952,-73,13h17
C45BBE39F56A,-74,13h17
C45BBE384CD2,-80,13h17
C45BBE386952,-70,13h17
C45BBE39F56A,-71,13h17
C45BBE384CD2,-80,13h17
C45BBE39F56A,-72,13h17
C45BBE386952,-79,13h17
C45BBE39F56A,-71,13h18
C45BBE386952,-79,13h18
C45BBE39F56A,-72,13h18
C45BBE386952,-74,13h18
C45BBE386952,-80,13h18
C45BBE39F56A,-73,13h18
C45BBE386952,-76,13h18
C45BBE37B346,-72,13h18
C45BBE39F56A,-59,13h18
C45BBE37B346,-71,13h18
C45BBE386952,-70,13h18
C45BBE39F56A,-49,13h18
C45BBE39F56A,-71,13h18
C45BBE386952,-78,13h18
C45BBE37B346,-71,13h18
A8032A31204E,-75,13h19
A8032A31204E,-70,13h19
A8032A31204E,-70,13h19
A8032A311FAA,-65,13h19
C45BBE39F9AE,-50,13h19
C45BBE39F9AE,-67,13h19
A8032A311FAA,-70,13h19
A8032A311FAA,-68,13h19
C45BBE39F9AE,-71,13h29
A8032A311FAA,-70,13h29
A8032A311FAA,-75,13h29
C45BBE39F9AE,-77,13h29
C45BBE37B346,-80,13h29
A8032A31204E,-70,13h29
A8032A31204E,-73,13h29
C45BBE39F56A,-66,13h30
C45BBE386952,-74,13h30
C45BBE37B346,-80,13h30
C45BBE37B346,-70,13h30
C45BBE384CD2,-74,13h30
C45BBE39F56A,-78,13h30
C45BBE386952,-74,13h30
C45BBE39F56A,-76,13h30
C45BBE386362,-77,13h30
C45BBE386952,-77,13h30
C45BBE384CD2,-76,13h30
C45BBE39F56A,-72,13h30
C45BBE386362,-76,13h30
C45BBE384CD2,-78,13h30
C45BBE39F56A,-67,13h30
C45BBE386362,-74,13h30
C45BBE386952,-80,13h30
C45BBE39F56A,-68,13h30
C45BBE386362,-73,13h30
C45BBE384CD2,-76,13h30
C45BBE386952,-74,13h31
C45BBE386362,-75,13h31
C45BBE39F56A,-66,13h31
C45BBE384CD2,-77,13h31
C45BBE37B346,-79,13h31
C45BBE386952,-78,13h31
C45BBE39F56A,-67,13h31
C45BBE384CD2,-78,13h31
C45BBE386362,-76,13h31
C45BBE384CD2,-78,13h31
C45BBE386362,-76,13h31
C45BBE386952,-77,13h31
C45BBE39F56A,-72,13h31
C45BBE384CD2,-80,13h31
C45BBE386952,-80,13h31
C45BBE386362,-70,13h31
C45BBE39F56A,-79,13h31
C45BBE384CD2,-73,13h31
C45BBE386952,-80,13h31
C45BBE386362,-75,13h31
C45BBE39F56A,-75,13h31
C45BBE384CD2,-73,13h31
C45BBE39F56A,-77,13h31
C45BBE386362,-75,13h31
C45BBE384CD2,-72,13h32
C45BBE386362,-74,13h32
C45BBE386952,-80,13h32
C45BBE39F56A,-79,13h32
C45BBE386952,-78,13h32
C45BBE384CD2,-70,13h32
C45BBE386362,-73,13h32
C45BBE39F56A,-79,13h32
C45BBE386952,-79,13h32
C45BBE384CD2,-70,13h32
C45BBE386362,-71,13h32
C45BBE39F56A,-71,13h32
C45BBE386362,-78,13h32
C45BBE386952,-79,13h32
C45BBE384CD2,-79,13h32
C45BBE386362,-75,13h32
C45BBE39F56A,-70,13h32
C45BBE384CD2,-80,13h32
C45BBE37B346,-80,13h32
C45BBE386952,-76,13h32
C45BBE384CD2,-67,13h32
C45BBE39F56A,-80,13h32
C45BBE386362,-62,13h32
C45BBE386952,-76,13h32
C45BBE386362,-55,13h33
C45BBE386362,-55,13h33
C45BBE386362,-53,13h33
C45BBE386362,-56,13h33
C45BBE386362,-62,13h33
C45BBE386362,-62,13h33
C45BBE386362,-70,13h34
C45BBE384CD2,-80,13h34
C45BBE386362,-70,13h34
C45BBE384CD2,-80,13h34
C45BBE39F56A,-71,13h34
C45BBE386362,-75,13h34
C45BBE384CD2,-73,13h34
C45BBE39F56A,-80,13h34
C45BBE384CD2,-77,13h34
C45BBE386952,-78,13h34
C45BBE386362,-76,13h34
C45BBE386952,-78,13h34
C45BBE39F56A,-79,13h34
C45BBE384CD2,-79,13h34
C45BBE386362,-71,13h34
C45BBE39F56A,-80,13h34
C45BBE384CD2,-74,13h34
C45BBE386362,-73,13h34
C45BBE39F56A,-79,13h35
C45BBE384CD2,-77,13h35
C45BBE386362,-76,13h35
C45BBE39F56A,-79,13h35
C45BBE386362,-75,13h35
C45BBE384CD2,-78,13h35
C45BBE39F56A,-77,13h35
C45BBE384CD2,-80,13h35
C45BBE386362,-75,13h35
C45BBE386952,-79,13h35
C45BBE39F56A,-73,13h35
C45BBE384CD2,-80,13h35
C45BBE386362,-73,13h35
C45BBE386952,-76,13h35
C45BBE384CD2,-73,13h35
C45BBE386362,-78,13h35
C45BBE39F56A,-71,13h35
C45BBE39F56A,-80,13h35
C45BBE386362,-69,13h35
C45BBE384CD2,-72,13h35
C45BBE386362,-71,13h36
C45BBE384CD2,-73,13h36
C45BBE39F56A,-79,13h36
C45BBE384CD2,-73,13h36
C45BBE39F56A,-79,13h36
C45BBE386362,-70,13h36
C45BBE39F56A,-76,13h36
C45BBE386362,-71,13h36
C45BBE384CD2,-74,13h36
C45BBE39F56A,-80,13h36
C45BBE386362,-78,13h36
C45BBE384CD2,-75,13h36
C45BBE386952,-77,13h36
C45BBE384CD2,-73,13h36
C45BBE386362,-53,13h36
C45BBE386362,-47,13h36
C45BBE386362,-58,13h36
C45BBE386362,-52,13h37
C45BBE386362,-59,13h37
C45BBE386362,-64,13h37
C45BBE386362,-54,13h37
C45BBE384CD2,-79,13h37
C45BBE386362,-70,13h37
C45BBE384CD2,-80,13h37
C45BBE386362,-63,13h38
C45BBE384CD2,-75,13h38
C45BBE386362,-71,13h38
C45BBE386362,-73,13h38
C45BBE386362,-80,13h38
C45BBE386952,-78,13h38
C45BBE39F56A,-63,13h38
C45BBE384CD2,-76,13h38
C45BBE39F56A,-75,13h38
C45BBE384CD2,-74,13h38
C45BBE386362,-76,13h38
C45BBE386952,-77,13h38
C45BBE384CD2,-68,13h38
C45BBE386952,-67,13h38
C45BBE39F56A,-69,13h38
C45BBE386362,-70,13h38
C45BBE386952,-73,13h39
C45BBE386362,-72,13h39
C45BBE39F56A,-75,13h39
C45BBE384CD2,-68,13h39
C45BBE386952,-71,13h39
C45BBE386362,-68,13h39
C45BBE39F56A,-65,13h39
C45BBE384CD2,-67,13h39
C45BBE37B346,-79,13h39
C45BBE384CD2,-73,13h39
C45BBE386362,-74,13h39
C45BBE39F56A,-67,13h39
C45BBE386952,-76,13h39
C45BBE386952,-80,13h39
C45BBE386362,-72,13h39
C45BBE39F56A,-78,13h39
C45BBE384CD2,-65,13h39
C45BBE39F56A,-69,13h39
C45BBE384CD2,-65,13h39
C45BBE386952,-70,13h39
C45BBE386362,-78,13h39
C45BBE39F56A,-72,13h39
C45BBE384CD2,-68,13h39
C45BBE386362,-78,13h39
C45BBE386952,-77,13h39
C45BBE384CD2,-71,13h39
C45BBE386362,-71,13h40
C45BBE39F56A,-75,13h40
C45BBE386952,-79,13h40
C45BBE39F56A,-69,13h40
C45BBE384CD2,-68,13h40
C45BBE386952,-79,13h40
C45BBE386362,-75,13h40
C45BBE386362,-77,13h40
C45BBE384CD2,-74,13h40
C45BBE39F56A,-76,13h40
C45BBE386952,-79,13h40
C45BBE386362,-78,13h40
C45BBE384CD2,-78,13h40
C45BBE39F56A,-76,13h40
C45BBE386362,-76,13h40
C45BBE384CD2,-73,13h40
C45BBE39F56A,-77,13h40
C45BBE384CD2,-77,13h40
C45BBE39F56A,-79,13h40
C45BBE384CD2,-61,13h41
C45BBE386952,-78,13h41
C45BBE384CD2,-78,13h41
C45BBE39F56A,-78,13h41
C45BBE386362,-79,13h41
C45BBE384CD2,-67,13h41
C45BBE386362,-79,13h41
C45BBE386952,-79,13h41
C45BBE384CD2,-80,13h41
C45BBE386362,-80,13h41
C45BBE386952,-79,13h41
C45BBE39F56A,-76,13h41
C45BBE384CD2,-62,13h41
C45BBE39F56A,-74,13h41
C45BBE384CD2,-62,13h41
C45BBE386362,-73,13h41
C45BBE386952,-80,13h41
C45BBE386362,-80,13h41
C45BBE384CD2,-75,13h41
C45BBE39F56A,-77,13h42
C45BBE39F56A,-76,13h42
C45BBE39F56A,-78,13h42
C45BBE384CD2,-77,13h42
C45BBE386362,-76,13h42
C45BBE39F56A,-75,13h42
C45BBE384CD2,-72,13h42
C45BBE386952,-79,13h42
C45BBE39F56A,-73,13h42
C45BBE384CD2,-71,13h42
C45BBE386952,-80,13h42
C45BBE386362,-77,13h42
C45BBE39F56A,-76,13h42
C45BBE384CD2,-76,13h42
C45BBE386952,-79,13h42
C45BBE386362,-77,13h42
C45BBE39F56A,-76,13h43
C45BBE384CD2,-72,13h43
C45BBE386952,-80,13h43
C45BBE386362,-79,13h43
C45BBE386952,-80,13h43
C45BBE386362,-78,13h43
C45BBE384CD2,-77,13h43
C45BBE39F56A,-77,13h43
C45BBE386362,-77,13h43
C45BBE386952,-80,13h43
C45BBE39F56A,-80,13h43
C45BBE384CD2,-65,13h43
C45BBE39F56A,-76,13h43
C45BBE384CD2,-67,13h43
C45BBE39F56A,-78,13h43
C45BBE384CD2,-64,13h43
C45BBE39F56A,-77,13h43
C45BBE384CD2,-66,13h43
C45BBE39F56A,-75,13h43
C45BBE384CD2,-65,13h44
C45BBE386952,-79,13h44
C45BBE384CD2,-59,13h44
C45BBE39F56A,-71,13h44
C45BBE386362,-80,13h44
C45BBE386952,-79,13h44
C45BBE39F56A,-74,13h44
C45BBE384CD2,-62,13h44
C45BBE386952,-78,13h44
C45BBE39F56A,-74,13h44
C45BBE384CD2,-68,13h44
C45BBE384CD2,-70,13h44
C45BBE384CD2,-63,13h44
C45BBE386362,-77,13h44
C45BBE384CD2,-65,13h45
C45BBE386362,-78,13h45
C45BBE384CD2,-65,13h45
C45BBE39F56A,-79,13h45
C45BBE39F56A,-80,13h45
C45BBE384CD2,-63,13h45
C45BBE39F56A,-75,13h45
C45BBE386952,-79,13h45
C45BBE384CD2,-57,13h45
C45BBE384CD2,-54,13h45
C45BBE384CD2,-57,13h45
C45BBE384CD2,-57,13h46
C45BBE384CD2,-61,13h46
C45BBE384CD2,-59,13h46
C45BBE384CD2,-55,13h46
C45BBE386952,-79,13h46
C45BBE39F56A,-77,13h46
C45BBE384CD2,-60,13h46
C45BBE386952,-71,13h46
C45BBE39F56A,-72,13h46
C45BBE386362,-80,13h46
C45BBE39F56A,-70,13h46
C45BBE384CD2,-59,13h46
C45BBE386952,-72,13h46
C45BBE384CD2,-60,13h47
C45BBE386952,-71,13h47
C45BBE386362,-80,13h47
C45BBE39F56A,-72,13h47
C45BBE384CD2,-61,13h47
C45BBE386952,-71,13h47
C45BBE386362,-80,13h47
C45BBE39F56A,-69,13h47
C45BBE386952,-79,13h47
C45BBE386362,-70,13h47
C45BBE384CD2,-60,13h47
C45BBE39F56A,-63,13h47
C45BBE386952,-65,13h47
C45BBE386362,-73,13h47
C45BBE384CD2,-61,13h47
C45BBE39F56A,-75,13h47
C45BBE386952,-68,13h47
C45BBE384CD2,-71,13h47
C45BBE39F56A,-68,13h47
C45BBE386362,-78,13h47
C45BBE37B346,-80,13h47
C45BBE39F56A,-67,13h47
C45BBE384CD2,-80,13h47
C45BBE386952,-65,13h47
C45BBE37B346,-71,13h48
C45BBE386952,-58,13h48
C45BBE39F56A,-66,13h48
C45BBE37B346,-68,13h48
C45BBE386952,-72,13h48
C45BBE39F56A,-69,13h48
C45BBE37B346,-69,13h48
C45BBE386952,-71,13h48
C45BBE39F56A,-69,13h48
C45BBE386952,-78,13h48
C45BBE39F56A,-77,13h48
C45BBE37B346,-77,13h48
C45BBE39F56A,-72,13h48
C45BBE37B346,-66,13h48
C45BBE386952,-69,13h48
C45BBE39F56A,-68,13h48
C45BBE37B346,-65,13h48
C45BBE386952,-70,13h48
C45BBE39F56A,-68,13h49
C45BBE37B346,-67,13h49
C45BBE386952,-70,13h49
C45BBE37B346,-67,13h49
C45BBE39F56A,-73,13h49
C45BBE386952,-72,13h49
C45BBE39F56A,-80,13h49
C45BBE386952,-73,13h49
C45BBE37B346,-66,13h49
C45BBE386952,-71,13h49
C45BBE37B346,-71,13h49
C45BBE39F56A,-76,13h49
C45BBE37B346,-76,13h49
C45BBE39F56A,-72,13h49
C45BBE386952,-78,13h49
C45BBE37B346,-74,13h49
C45BBE386952,-74,13h49
C45BBE39F56A,-70,13h49
C45BBE37B346,-75,13h50
C45BBE39F56A,-75,13h50
C45BBE386952,-75,13h50
C45BBE39F56A,-74,13h50
C45BBE386952,-74,13h50
C45BBE37B346,-77,13h50
C45BBE386952,-74,13h50
C45BBE39F56A,-72,13h50
C45BBE37B346,-78,13h50
C45BBE39F56A,-74,13h50
C45BBE37B346,-76,13h50
C45BBE386952,-73,13h50
C45BBE386952,-76,13h50
C45BBE39F56A,-79,13h50
C45BBE37B346,-62,13h50
C45BBE39F56A,-71,13h50
C45BBE37B346,-60,13h50
C45BBE386952,-80,13h50
C45BBE386952,-77,13h51
C45BBE37B346,-64,13h51
C45BBE39F56A,-79,13h51
C45BBE386952,-78,13h51
C45BBE37B346,-65,13h51
C45BBE39F56A,-71,13h51
C45BBE39F56A,-71,13h51
C45BBE386952,-75,13h51
C45BBE37B346,-67,13h51
C45BBE386952,-80,13h51
C45BBE37B346,-67,13h51
C45BBE39F56A,-68,13h51
C45BBE386952,-78,13h51
C45BBE37B346,-66,13h51
C45BBE39F56A,-66,13h51
C45BBE37B346,-68,13h51
C45BBE39F56A,-73,13h51
C45BBE386952,-76,13h51
C45BBE37B346,-68,13h52
C45BBE386952,-77,13h52
C45BBE39F56A,-75,13h52
C45BBE386952,-77,13h52
C45BBE39F56A,-75,13h52
C45BBE37B346,-68,13h52
C45BBE386952,-76,13h52
C45BBE39F56A,-71,13h52
C45BBE37B346,-67,13h52
C45BBE386952,-76,13h52
C45BBE39F56A,-72,13h52
C45BBE37B346,-67,13h52
C45BBE386952,-76,13h52
C45BBE39F56A,-69,13h52
C45BBE37B346,-68,13h52
C45BBE39F56A,-68,13h52
C45BBE37B346,-63,13h52
C45BBE386952,-77,13h52
C45BBE39F56A,-72,13h52
C45BBE37B346,-68,13h53
C45BBE386952,-75,13h53
C45BBE39F56A,-72,13h53
C45BBE37B346,-70,13h53
C45BBE386952,-78,13h53
C45BBE386952,-76,13h53
C45BBE37B346,-70,13h53
C45BBE39F56A,-71,13h53
C45BBE386952,-77,13h53
C45BBE37B346,-71,13h53
C45BBE39F56A,-72,13h53
C45BBE386952,-75,13h53
C45BBE37B346,-70,13h53
C45BBE39F56A,-69,13h53
C45BBE37B346,-68,13h53
C45BBE39F56A,-70,13h53
C45BBE386952,-76,13h53
C45BBE39F56A,-74,13h53
C45BBE386952,-77,13h54
C45BBE37B346,-76,13h54
C45BBE39F56A,-80,13h54
C45BBE386952,-71,13h54
C45BBE37B346,-76,13h54
C45BBE39F56A,-73,13h54
C45BBE386952,-72,13h54
C45BBE37B346,-72,13h54
C45BBE37B346,-74,13h54
C45BBE386952,-71,13h54
C45BBE39F56A,-70,13h54
C45BBE386952,-74,13h54
C45BBE37B346,-78,13h54
C45BBE39F56A,-70,13h54
C45BBE39F56A,-70,13h54
C45BBE386952,-76,13h54
C45BBE37B346,-79,13h54
C45BBE39F56A,-77,13h54
C45BBE37B346,-67,13h55
C45BBE386952,-80,13h55
C45BBE37B346,-66,13h55
C45BBE39F56A,-76,13h55
C45BBE386952,-79,13h55
C45BBE37B346,-67,13h55
C45BBE386952,-80,13h55
C45BBE39F56A,-75,13h55
C45BBE386952,-80,13h55
C45BBE39F56A,-74,13h55
C45BBE37B346,-69,13h55
C45BBE39F56A,-75,13h55
C45BBE37B346,-66,13h55
C45BBE386952,-78,13h55
C45BBE37B346,-68,13h55
C45BBE39F56A,-79,13h55
C45BBE39F56A,-69,13h56
C45BBE37B346,-67,13h56
C45BBE386952,-77,13h56
C45BBE386952,-80,13h56
C45BBE37B346,-65,13h56
C45BBE39F56A,-74,13h56
C45BBE386952,-74,13h56
C45BBE37B346,-65,13h56
C45BBE39F56A,-80,13h56
C45BBE39F56A,-76,13h56
C45BBE37B346,-66,13h56
C45BBE386952,-77,13h56
C45BBE39F56A,-77,13h56
C45BBE37B346,-66,13h56
C45BBE39F56A,-74,13h56
C45BBE37B346,-66,13h56
C45BBE39F56A,-78,13h56
C45BBE386952,-78,13h56
C45BBE37B346,-68,13h57
C45BBE386952,-78,13h57
C45BBE39F56A,-80,13h57
C45BBE37B346,-75,13h57
C45BBE386952,-77,13h57
C45BBE37B346,-69,13h57
C45BBE39F56A,-78,13h57
C45BBE386952,-78,13h57
C45BBE37B346,-78,13h57
C45BBE39F56A,-79,13h57
C45BBE386952,-80,13h57
C45BBE37B346,-67,13h57
C45BBE39F56A,-77,13h57
C45BBE386952,-80,13h57
C45BBE39F56A,-74,13h57
C45BBE37B346,-67,13h57
C45BBE37B346,-74,13h58
C45BBE39F56A,-76,13h58
C45BBE386952,-78,13h58
C45BBE39F56A,-73,13h58
C45BBE386952,-80,13h58
C45BBE37B346,-77,13h58
C45BBE39F56A,-73,13h58
C45BBE386952,-75,13h58
C45BBE37B346,-67,13h58
C45BBE386952,-77,13h58
C45BBE37B346,-67,13h58
C45BBE39F56A,-78,13h58
C45BBE39F56A,-70,13h58
C45BBE37B346,-66,13h58
C45BBE386952,-76,13h58
C45BBE39F56A,-72,13h58
C45BBE386952,-70,13h58
C45BBE37B346,-63,13h58
C45BBE37B346,-70,13h59
C45BBE386952,-72,13h59
C45BBE39F56A,-75,13h59
C45BBE386952,-77,13h59
C45BBE37B346,-62,13h59
C45BBE39F56A,-69,13h59
C45BBE386952,-74,13h59
C45BBE37B346,-68,13h59
C45BBE39F56A,-78,13h59
C45BBE386952,-68,13h59
C45BBE39F56A,-69,13h59
C45BBE37B346,-69,13h59
C45BBE39F56A,-69,13h59
C45BBE37B346,-67,13h59
C45BBE386952,-73,13h59
C45BBE39F56A,-66,13h59
C45BBE37B346,-71,13h59
C45BBE386952,-79,13h59
C45BBE39F56A,-70,13h59
C45BBE386952,-78,13h59
C45BBE37B346,-63,14h0
C45BBE37B346,-62,14h0
C45BBE386952,-80,14h0
C45BBE39F56A,-77,14h0
C45BBE37B346,-66,14h0
C45BBE386952,-77,14h0
C45BBE386952,-77,14h0
C45BBE39F56A,-67,14h0
C45BBE37B346,-61,14h0
C45BBE37B346,-66,14h0
C45BBE386952,-71,14h0
C45BBE39F56A,-69,14h0
C45BBE386952,-75,14h1
C45BBE386952,-75,14h1
C45BBE386952,-75,14h1
C45BBE386952,-75,14h1
C45BBE386952,-75,14h1
C45BBE37B346,-70,14h1
C45BBE39F56A,-70,14h1
C45BBE37B346,-69,14h1
C45BBE37B346,-69,14h1
C45BBE37B346,-69,14h1
C45BBE37B346,-69,14h1
C45BBE39F56A,-78,14h1
C45BBE39F56A,-78,14h1
C45BBE39F56A,-78,14h1
C45BBE39F56A,-78,14h1
C45BBE37B346,-77,14h1
C45BBE39F56A,-79,14h1
C45BBE386952,-78,14h1
C45BBE37B346,-66,14h1
C45BBE386952,-72,14h1
C45BBE39F56A,-72,14h1
C45BBE39F56A,-69,14h2
C45BBE37B346,-70,14h2
C45BBE386952,-70,14h2
C45BBE37B346,-79,14h2
C45BBE386952,-70,14h2
C45BBE39F56A,-66,14h2
C45BBE386952,-70,14h2
C45BBE39F56A,-75,14h2
C45BBE37B346,-75,14h2
C45BBE386952,-70,14h2
C45BBE39F56A,-65,14h2
C45BBE37B346,-69,14h2
C45BBE37B346,-78,14h2
C45BBE386952,-77,14h2
C45BBE39F56A,-75,14h2
C45BBE37B346,-65,14h2
C45BBE386952,-80,14h2
C45BBE39F56A,-75,14h2
C45BBE37B346,-75,14h3
C45BBE386952,-77,14h3
C45BBE39F56A,-69,14h3
C45BBE386952,-72,14h3
C45BBE39F56A,-75,14h3
C45BBE37B346,-66,14h3
C45BBE386952,-78,14h3
C45BBE39F56A,-76,14h3
C45BBE37B346,-80,14h3
C45BBE37B346,-79,14h3
C45BBE386952,-78,14h3
C45BBE39F56A,-69,14h4
C45BBE37B346,-77,14h4
C45BBE37B346,-66,14h4
C45BBE39F56A,-68,14h4
C45BBE386952,-73,14h4
C45BBE386952,-73,14h4
C45BBE37B346,-75,14h4
C45BBE39F56A,-73,14h4
C45BBE39F56A,-78,14h4
C45BBE37B346,-78,14h4
C45BBE39F56A,-72,14h4
C45BBE37B346,-70,14h4
C45BBE386952,-69,14h4
C45BBE386952,-80,14h4
C45BBE37B346,-80,14h4
C45BBE37B346,-68,14h5
C45BBE386952,-80,14h5
C45BBE39F56A,-77,14h5
C45BBE386952,-80,14h5
C45BBE39F56A,-75,14h5
C45BBE37B346,-72,14h5
C45BBE37B346,-74,14h5
C45BBE39F56A,-76,14h5
C45BBE39F56A,-74,14h5
C45BBE37B346,-75,14h5
C45BBE39F56A,-75,14h5
C45BBE386952,-77,14h5
C45BBE37B346,-75,14h5
C45BBE37B346,-80,14h5
C45BBE37B346,-80,14h6
C45BBE37B346,-76,14h6
C45BBE39F56A,-79,14h6
C45BBE39F56A,-70,14h6
C45BBE37B346,-77,14h6
C45BBE37B346,-79,14h6
C45BBE39F56A,-75,14h6
C45BBE37B346,-78,14h6
C45BBE39F56A,-75,14h6
C45BBE37B346,-78,14h6
C45BBE37B346,-78,14h6
C45BBE37B346,-75,14h7
C45BBE37B346,-79,14h7
C45BBE37B346,-79,14h7
C45BBE39F56A,-80,14h7
C45BBE386952,-79,14h8
C45BBE39F56A,-73,14h8
C45BBE37B346,-66,14h8
C45BBE37B346,-65,14h8
C45BBE386952,-80,14h8
C45BBE39F56A,-73,14h8
C45BBE386952,-79,14h8
C45BBE39F56A,-72,14h8
C45BBE37B346,-64,14h8
C45BBE37B346,-80,14h8
C45BBE39F56A,-72,14h8
C45BBE386952,-80,14h8
C45BBE37B346,-80,14h9
C45BBE39F56A,-72,14h9
C45BBE386952,-80,14h9
C45BBE39F56A,-74,14h9
C45BBE386952,-78,14h9
C45BBE37B346,-65,14h9
C45BBE386952,-80,14h9
C45BBE37B346,-65,14h9
C45BBE39F56A,-74,14h9
C45BBE37B346,-65,14h9
C45BBE386952,-79,14h9
C45BBE39F56A,-69,14h9
C45BBE386952,-77,14h9
C45BBE37B346,-66,14h9
C45BBE39F56A,-78,14h9
C45BBE39F56A,-74,14h9
C45BBE37B346,-66,14h9
C45BBE39F56A,-74,14h10
C45BBE37B346,-67,14h10
C45BBE39F56A,-74,14h10
C45BBE37B346,-66,14h10
C45BBE386952,-80,14h10
C45BBE37B346,-67,14h10
C45BBE39F56A,-73,14h10
C45BBE386952,-79,14h10
C45BBE37B346,-67,14h10
C45BBE39F56A,-75,14h10
C45BBE386952,-79,14h10
C45BBE37B346,-67,14h10
C45BBE39F56A,-73,14h10
C45BBE37B346,-66,14h10
C45BBE39F56A,-73,14h10
C45BBE39F56A,-73,14h11
C45BBE37B346,-67,14h11
C45BBE39F56A,-78,14h11
C45BBE37B346,-79,14h11
C45BBE39F56A,-70,14h11
C45BBE37B346,-71,14h11
C45BBE37B346,-77,14h11
C45BBE39F56A,-74,14h11
C45BBE386952,-75,14h11
C45BBE386952,-76,14h11
C45BBE37B346,-77,14h11
C45BBE39F56A,-77,14h11
C45BBE386952,-76,14h11
C45BBE37B346,-76,14h11
C45BBE39F56A,-71,14h11
C45BBE386952,-76,14h12
C45BBE37B346,-78,14h12
C45BBE39F56A,-75,14h12
C45BBE386952,-76,14h12
C45BBE37B346,-72,14h12
C45BBE39F56A,-73,14h12
C45BBE386952,-75,14h12
C45BBE39F56A,-73,14h12
C45BBE37B346,-73,14h12
C45BBE39F56A,-80,14h12
C45BBE37B346,-70,14h12
C45BBE386952,-76,14h12
C45BBE39F56A,-73,14h12
C45BBE37B346,-76,14h12
C45BBE386952,-77,14h12
C45BBE39F56A,-73,14h12
C45BBE37B346,-80,14h12
C45BBE386952,-75,14h12
C45BBE39F56A,-79,14h13
C45BBE386952,-79,14h13
C45BBE37B346,-75,14h13
C45BBE37B346,-77,14h13
C45BBE39F56A,-76,14h13
C45BBE386952,-72,14h13
C45BBE386952,-79,14h13
C45BBE37B346,-74,14h13
C45BBE39F56A,-71,14h13
C45BBE37B346,-79,14h13
C45BBE39F56A,-69,14h13
C45BBE386952,-80,14h13
C45BBE37B346,-70,14h13
C45BBE39F56A,-73,14h13
C45BBE386952,-78,14h13
C45BBE39F56A,-77,14h13
C45BBE37B346,-70,14h13
C45BBE39F56A,-75,14h14
C45BBE37B346,-68,14h14
C45BBE39F56A,-74,14h14
C45BBE37B346,-65,14h14
C45BBE37B346,-64,14h14
C45BBE39F56A,-76,14h14
C45BBE39F56A,-76,14h14
C45BBE37B346,-63,14h14
C45BBE37B346,-64,14h14
C45BBE39F56A,-78,14h14
C45BBE39F56A,-77,14h14
C45BBE37B346,-65,14h14
C45BBE37B346,-75,14h15
C45BBE39F56A,-76,14h15
C45BBE386952,-78,14h15
C45BBE386952,-79,14h15
C45BBE37B346,-67,14h15
C45BBE39F56A,-78,14h15
C45BBE39F56A,-74,14h15
C45BBE37B346,-64,14h15
C45BBE39F56A,-73,14h15
C45BBE37B346,-68,14h15
C45BBE39F56A,-72,14h15
C45BBE386952,-78,14h15
C45BBE37B346,-66,14h15
C45BBE39F56A,-70,14h15
C45BBE386952,-75,14h15
C45BBE37B346,-69,14h15
C45BBE39F56A,-80,14h15
C45BBE386952,-77,14h15
C45BBE37B346,-66,14h16
C45BBE39F56A,-76,14h16
C45BBE37B346,-78,14h16
A8032A31204E,-68,14h16
A8032A31204E,-64,14h16
A8032A31204E,-76,14h16
C45BBE39F9AE,-68,14h16
C45BBE39F9AE,-74,14h16
A8032A311FAA,-80,14h17
A8032A311FAA,-70,14h17
A8032A311FAA,-79,14h17
A8032A311FAA,-76,14h17
A8032A311FAA,-80,14h58
A8032A311FAA,-79,14h58
